timestamp,old_nid,new_deal_id,new_deal_uuid,new_nid,new_property_id,http_code,success
2026-06-19,38632902727,1717270,c955954f-ad0b-4073-a39f-de08cc4dbc89,61364573803,1721150,reconstruido,true
2026-06-19,19869249454,1717271,85c18973-cf4e-4ab6-b8ee-2b434f760566,61356551591,1721151,reconstruido,true
2026-06-19,,1717272,d63f1126-26a6-46c2-8398-1395f903238f,61370895024,1721152,reconstruido,true
2026-06-19,37985305476,1717273,54d824e5-7a29-4ece-aae0-5882210323f6,61372752404,1721153,reconstruido,true
2026-06-19,17393099031,1717274,4deb08eb-ec48-40cc-ac51-167a7a2908e8,61351632708,1721154,reconstruido,true
2026-06-19,36042987301,1717275,438af3df-baee-4b52-996e-16149e004091,61357294592,1721155,reconstruido,true
2026-06-19,39872622643,1717276,ff0830ab-657a-4b33-9e20-41c3071b3878,61364111650,1721156,reconstruido,true
2026-06-19,12978593081,1717277,e2d3657f-2547-4f51-9802-6942779604c3,61362025052,1721157,reconstruido,true
2026-06-19,39000841268,1717278,a21a7818-75a5-4cbb-9849-50e619979d6a,61370120033,1721158,reconstruido,true
2026-06-19,33666473612,1717279,d4bda4ed-f923-48c4-90ad-fe0a07485a43,61357294595,1721159,reconstruido,true
2026-06-19,34908360249,1717280,9e075de5-4ad8-4535-9b90-fe7dbb92b4a9,61371049510,1721160,reconstruido,true
2026-06-19,38734866357,1717281,2724a513-76c8-4587-899a-aac28c86ac83,61374606249,1721161,reconstruido,true
2026-06-19,,1717282,7f90d8aa-222c-47e1-a2ee-c4818c453b54,61367191985,1721162,reconstruido,true
2026-06-19,33285591441,1717283,a51577fe-a7a9-4ef7-ac02-1effef9ccee9,61354422178,1721163,reconstruido,true
2026-06-19,36110082075,1717284,ff4bff86-40f6-4e04-af9c-cbed8f2c33d3,61373680691,1721164,reconstruido,true
2026-06-19,39712199529,1717285,3bb3bc88-556f-4838-846a-2701a1e7e7b5,61365500557,1721165,reconstruido,true
2026-06-19,36907300699,1717286,a7f1000a-a372-4c9c-9f27-7ece4207d58e,61361226417,1721166,reconstruido,true
2026-06-19,,1717287,512341e3-a58c-4545-a15b-3bc1458d6b18,61365347423,1721167,reconstruido,true
2026-06-19,10694788969,1717288,c1f4339c-ebc5-44c8-b7e5-d3aa264303e8,61371977320,1721168,reconstruido,true
2026-06-19,38809486185,1717289,83c55f94-67b6-425d-acdd-4f5ca322b2da,61358724888,1721169,reconstruido,true
2026-06-19,40100739707,1717290,49e392ef-bfb3-483e-96f9-53184468605d,61351789614,1721170,reconstruido,true
2026-06-19,34118464419,1717291,58537062-81b1-4705-b105-c3d2f53a813f,61351166127,1721171,reconstruido,true
2026-06-19,39524203688,1717292,e3159ea3-d10b-4de5-b65d-d835b9f76517,61375849760,1721172,reconstruido,true
2026-06-19,37334810449,1717293,d2e0ad0e-b221-457a-9fff-3c47c5ab84cd,61370895114,1721173,reconstruido,true
2026-06-19,36540687467,1717294,2bcbcdd3-31eb-41cf-9c35-681fb8ca24d4,61359185160,1721174,reconstruido,true
2026-06-19,38142560365,1717295,4e53347e-ccc4-4c59-83b3-5acdd088c2b4,61371204478,1721175,reconstruido,true
2026-06-19,19907472683,1717296,83171971-19c2-4ea1-95f3-dba86a93b163,61357916764,1721176,reconstruido,true
2026-06-19,12052844363,1717297,7f2d76c0-0fc8-4410-9c06-1531261dc4b7,61362641503,1721177,reconstruido,true
2026-06-19,40146896478,1717298,88074c7f-e52e-49d8-9af1-6e1c8a7eff35,61361072014,1721178,reconstruido,true
2026-06-19,37537103442,1717299,cbea9b21-7f99-4653-b705-80cc1fa8e0c8,61359341487,1721179,reconstruido,true
2026-06-19,12845345590,1717300,01a0cf28-c3b9-4b26-a33b-e9fc69b9160c,61376466437,1721180,reconstruido,true
2026-06-19,35776104793,1717301,11423f0a-6aef-4356-bd09-c95bfaa3bedb,61374302523,1721181,reconstruido,true
2026-06-19,10072161296,1717302,5a352af2-f9e2-4403-b4c8-224a09bd661c,61364111734,1721182,reconstruido,true
2026-06-19,10182416054,1717303,183b1397-7103-476d-9a4a-60152382d2f4,61354730158,1721183,reconstruido,true
2026-06-19,39279043445,1717304,367da38c-b1e5-4631-b4b9-92ee4f82adce,61354107313,1721184,reconstruido,true
2026-06-19,15004862279,1717305,1c1124d1-24be-4dce-8255-4578c877c534,61364111737,1721185,reconstruido,true
2026-06-19,21783163535,1717306,c057dbd5-9f3b-4a84-8abf-f56d658ff43e,61377239323,1721186,reconstruido,true
2026-06-19,16815656580,1717307,614bde49-076e-4dbd-8b6f-df0b440c3cfe,61357916778,1721187,reconstruido,true
2026-06-19,15394334073,1717308,df426462-1be0-46ef-98a6-3b873640d682,61367035670,1721188,reconstruido,true
2026-06-19,39984449339,1717309,03529653-b5e0-4359-9930-e1b3ae0e3828,61374302540,1721189,reconstruido,true
2026-06-19,40100130986,1717310,fff65540-0ead-4fac-b7bf-69ebd038321c,61375228173,1721190,reconstruido,true
2026-06-19,36037142163,1717311,d3f29057-027a-49ad-a418-b86cdfc1ba05,61357916787,1721191,reconstruido,true
2026-06-19,16660879211,1717312,b0a23569-c354-42b7-ae93-828d956f6f12,61367500167,1721192,reconstruido,true
2026-06-19,38045258618,1717313,c5086323-c054-4114-b147-cad8b6bc539e,61369976940,1721193,reconstruido,true
2026-06-19,31555521611,1717314,5147e818-a7ec-4076-aa99-f1cdcbb732eb,61357603943,1721194,reconstruido,true
2026-06-19,36640105610,1717315,238239a1-8e0b-465c-b8c1-c1c90a0c1e65,61367654800,1721195,reconstruido,true
2026-06-19,14485408317,1717316,5ef761f7-1875-406a-b786-2393bc2084c1,61356551713,1721196,reconstruido,true
2026-06-19,14214137659,1717317,9b7ea776-2523-4266-9939-d161b0ebb6b0,61369357497,1721197,reconstruido,true
2026-06-19,37862039879,1717318,c2af0419-3cf1-42f6-b520-341e03b458b1,61374145454,1721198,reconstruido,true
2026-06-19,35759079191,1717319,219b9219-8540-4aea-acd9-6d9d55f123e6,61371204521,1721199,reconstruido,true
2026-06-19,10121746552,1717320,9f6fff70-e133-4fdc-9f19-849a98590808,61363571471,1721200,reconstruido,true
2026-06-19,39285028876,1717321,6ec86f39-84ea-46eb-8eeb-64f906290b74,61376313601,1721201,reconstruido,true
2026-06-19,38422132137,1717322,c67cc2f4-7f48-44f7-8b8e-d3ce81850be5,61373058352,1721202,reconstruido,true
2026-06-19,10830544207,1717332,f8b19867-402c-480d-96c8-c46b8c5ecf91,61372754989,1721212,reconstruido,true
2026-06-19,11288068740,1717333,41bc853c-003e-475e-9cfa-2729f453a00b,61365193879,1721213,reconstruido,true
2026-06-19,11415155537,1717341,ee6a6013-7a70-4459-a0a7-673887d09c37,61376936465,1721221,reconstruido,true
2026-06-19,12290816173,1717342,58fc2bad-8cfe-4341-ba35-6eefa997183a,61366589768,1721222,reconstruido,true
2026-06-19,12538265935,1717343,6bcf45a8-39fd-4c22-abac-123ef193991c,61368745612,1721223,reconstruido,true
2026-06-19,12795980169,1717344,b087b379-f5f4-4246-bd0c-2899610b19c7,61374607916,1721224,reconstruido,true
2026-06-19,12974092943,1717345,409527fe-7c6c-4738-8af1-c8c252c4d672,61353492284,1721225,reconstruido,true
2026-06-19,13789768245,1717346,56fd1991-e7f6-4251-a5dc-d32e9b9feb1a,61370587489,1721226,reconstruido,true
2026-06-19,13794901845,1717347,38121406-2713-4563-bba5-16c7bc831ba8,61369053590,1721227,reconstruido,true
2026-06-19,14126961041,1717348,8ae3d189-69d4-45b8-94f0-732ce206a2a4,61367811955,1721228,reconstruido,true
2026-06-19,14398022425,1717349,49192834-db40-4f00-b71c-6d325611ce33,61359031569,1721229,reconstruido,true
2026-06-19,14739333705,1717350,41480d9f-c490-4253-b9ad-3b6c995aee68,61363415972,1721230,reconstruido,true
2026-06-19,15367344168,1717351,31450779-f72a-43c7-ae3c-196dd4d8bced,61351321426,1721231,reconstruido,true
2026-06-19,15820488781,1717352,3d3bb692-e446-40f7-9017-79c996e77319,61356093765,1721232,reconstruido,true
2026-06-19,15854407474,1717353,f3244d67-f4de-4ffb-8c4a-db7f8910624f,61351792052,1721233,reconstruido,true
2026-06-19,16078788633,1717354,14955ae5-0dce-40c3-b6f2-6ca825815116,61372755360,1721234,reconstruido,true
2026-06-19,16895348290,1717355,d1df821b-f843-44d3-8d61-5b82e4038239,61360149647,1721235,reconstruido,true
2026-06-19,17096546700,1717356,636e519e-0265-4a1b-a5f4-b25cd35cafdb,61372905572,1721236,reconstruido,true
2026-06-19,17354378390,1717357,46fb880e-52f4-42fa-a995-9d1bf8da3b6b,61358727819,1721237,reconstruido,true
2026-06-19,17425509641,1717358,f2a947bc-0628-4523-96dd-fcb0d4ebfd2b,61373370763,1721238,reconstruido,true
2026-06-19,17477231468,1717359,30e28940-6338-4dca-9304-f1bc84b87741,61376776341,1721239,reconstruido,true
2026-06-19,17619248961,1717360,52701aa5-2628-4511-a926-a490ea56998c,61359682879,1721240,reconstruido,true
2026-06-19,17926473881,1717363,5d3bde16-9a48-4042-9bfd-13e32fd22b45,61355939433,1721243,reconstruido,true
2026-06-19,19951581625,1717364,b116c836-0345-4a2d-b917-e6912c69e4fc,61366125584,1721244,reconstruido,true
2026-06-19,20391893641,1717365,88a7ac97-8375-44e5-a920-67c5d70f8d3f,61371512164,1721245,reconstruido,true
2026-06-19,21279543313,1717366,58cca7a5-aa6c-4b58-9304-1d58a576cfdd,61358728023,1721246,reconstruido,true
2026-06-19,22490889338,1717367,408d2580-0ef3-4e4d-ac1a-3dd5b73a33a6,61370898261,1721247,reconstruido,true
2026-06-19,23219897877,1717368,91f1f6f2-4c26-48e1-9fa2-495901e610e1,61374148150,1721248,reconstruido,true
2026-06-19,28960839082,1717369,847bdce9-130e-40d1-8966-d82b1e1df778,61353650528,1721249,reconstruido,true
2026-06-19,29703195017,1717370,349840f7-ddcb-48e4-bf1a-626674786627,61356244799,1721250,reconstruido,true
2026-06-19,29850759776,1717371,5f377ad8-db12-4dc4-8b7d-c12f6bdd4772,61360149817,1721251,reconstruido,true
2026-06-19,31449711183,1717372,17780c99-2b41-457b-ac40-d56f7c2d2851,61365043712,1721252,reconstruido,true
2026-06-19,32088244574,1717373,6d80f8e9-23ae-4c73-9ebc-0f4e86c1e606,61351792295,1721253,reconstruido,true
2026-06-19,32248840882,1717374,b1655184-ad31-4a1d-96b6-cd119e22c5c6,61362028566,1721254,reconstruido,true
2026-06-19,32306216062,1717375,bfbfdaf9-19df-4e29-a2b2-084a179c8674,61370123295,1721255,reconstruido,true
2026-06-19,32736337465,1717376,4c57396b-0edb-4566-8936-57080aeff9dc,61363416118,1721256,reconstruido,true
2026-06-19,33143411497,1717377,9cd9b171-1a61-409d-95db-fdfa4a78521a,61353800038,1721257,reconstruido,true
2026-06-19,34018568577,1717378,1b174773-dcc7-4670-b9df-f4b56c807088,61370123333,1721258,reconstruido,true
2026-06-19,34911523383,1717379,59af9e70-acb1-4fbb-a9ad-685df820f007,61375230355,1721259,reconstruido,true
2026-06-19,35072654871,1717380,4a44afd6-c636-4fbc-837c-0c003c5e600f,61362956075,1721260,reconstruido,true
2026-06-19,35114482255,1717381,3252957e-c0cf-463e-b577-33ff31895618,61365043791,1721261,reconstruido,true
2026-06-19,35298532793,1717383,1c07d534-e814-4106-b02c-8564283bdbe5,61372905911,1721263,reconstruido,true
2026-06-19,35441163788,1717384,5eab578e-738b-4503-bd30-2f11b9b50a44,61356399443,1721264,reconstruido,true
2026-06-19,35447550903,1717385,6f9e7d7f-02a2-47a7-a5cf-bf903e08fdf1,61353800074,1721265,reconstruido,true
2026-06-19,35510589500,1717386,7cb71285-17d4-47b1-9f5e-94c701f19bfe,61369979179,1721266,reconstruido,true
2026-06-19,35549240697,1717387,bfbc8115-83ea-405b-beda-93442c99e113,61356094126,1721267,reconstruido,true
2026-06-19,35597559131,1717388,17e38774-d5da-4277-9562-1fa9744ab275,61351321642,1721268,reconstruido,true
2026-06-19,35761092610,1717389,80b483be-06e5-4562-aef3-99eb313ac203,61369053857,1721269,reconstruido,true
2026-06-19,35815322235,1717390,e82c698f-25a9-436e-a591-b7bbe256d6ec,61356985905,1721270,reconstruido,true
2026-06-19,35899363932,1717391,6af5703e-758c-4c97-9c24-3974607eca22,61354573848,1721271,reconstruido,true
2026-06-19,35936820295,1717392,a4ddb9b5-aabb-4272-a631-93c410896d61,61367195536,1721272,reconstruido,true
2026-06-19,36352318249,1717393,1147f9ed-25a1-4eb2-b2a4-7d2901800b8e,61360453004,1721273,reconstruido,true
2026-06-19,36546601286,1717394,13d576df-1e8b-431e-9368-8b85c6e411f0,61371980291,1721274,reconstruido,true
2026-06-19,36684330241,1717395,2d1e1fc8-c3ed-4c3c-bf9e-d8ee5bc9a628,61359495989,1721275,reconstruido,true
2026-06-19,36824891749,1717396,c23fdc1f-1c7e-4f9a-91c1-fa938280d49d,61374766459,1721276,reconstruido,true
2026-06-19,36971085704,1717397,ef547e99-41e1-46e0-8319-038a3baf27a8,61361229216,1721277,reconstruido,true
2026-06-19,37141570584,1717398,273010ff-b724-4818-b2d1-0ceb96b0cb02,61364269217,1721278,reconstruido,true
2026-06-19,37163976257,1717399,fdc7c7df-f4bb-41fe-b376-519cf8ec73c4,61376776604,1721279,reconstruido,true
2026-06-19,37225843525,1717400,b4cc9925-c21d-4c72-a13c-a95a5fe15497,61369979205,1721280,reconstruido,true
2026-06-19,37573417070,1717401,ee78ef1a-db6a-49da-97b5-5eeccb824f72,61353340249,1721281,reconstruido,true
2026-06-19,37721299209,1717402,0b3fdb0d-0599-4d16-9d0e-e112276ad1ff,61351792482,1721282,reconstruido,true
2026-06-19,37871787433,1717403,ef15a33a-60b4-465f-8b46-b7c7792f37e5,61375539570,1721283,reconstruido,true
2026-06-19,37991721778,1717404,fe20e075-0697-430f-854e-a74bd207ef58,61363574916,1721284,reconstruido,true
2026-06-19,37991734938,1717405,f4209987-78d2-406b-b1e7-7cf93fc0b267,61353650791,1721285,reconstruido,true
2026-06-19,37997407500,1717406,f7ca5cef-e9f2-430e-929d-cd341de8698a,61369979240,1721286,reconstruido,true
2026-06-19,38131118198,1717407,bef7eb33-26fb-448a-a58d-31eec6a8deba,61365043998,1721287,reconstruido,true
2026-06-19,38146810223,1717408,cd8cc1a8-6fa6-4460-908f-08ae950a04ea,61361848229,1721288,reconstruido,true
2026-06-19,38158151304,1717409,efa36b1c-409f-48e3-bc91-65752a64e6d0,61353026867,1721289,reconstruido,true
2026-06-19,38421378124,1717410,e682b20c-2d0f-4650-85c8-b55b47ef451b,61356245062,1721290,reconstruido,true
2026-06-19,38432458585,1717411,d27db889-bb34-4e67-84dc-cae4ee3dee0c,61358877291,1721291,reconstruido,true
2026-06-19,38535548287,1717412,b4910c60-66f5-4a22-a7f2-403818e18ffb,61352096302,1721292,reconstruido,true
2026-06-19,38566341171,1717413,eb7510ab-645c-40d6-b4bd-94743d8675a2,61364114987,1721293,reconstruido,true
2026-06-19,38609887344,1717414,7503390c-fa0a-44a3-ab43-0b5c0873d7bb,61369054042,1721294,reconstruido,true
2026-06-19,38731978024,1717415,46561cfa-db4f-48d9-a27d-fbc9ed6bc90e,61362956305,1721295,reconstruido,true
2026-06-19,38743598951,1717416,8e98df24-bf8c-44a3-be26-00fd876babf7,61371208337,1721296,reconstruido,true
2026-06-19,38801894929,1717417,c213f1c7-188e-40df-b7e7-247790aa08dd,61373996588,1721297,reconstruido,true
2026-06-19,38950713441,1717418,a122b3e2-0b75-464b-a82f-68911c3b0434,61371512629,1721298,reconstruido,true
2026-06-19,38953383096,1717419,522cb3f2-e750-4c1b-ade4-59a03fb6ddd5,61360150409,1721299,reconstruido,true
2026-06-19,38956195596,1717420,40280f42-0499-4d39-a1b5-b9699f70ea66,61361386108,1721300,reconstruido,true
2026-06-19,39046441033,1717421,c0a58a85-5fea-424f-a0a9-cb39b3eaceaa,61365813777,1721301,reconstruido,true
2026-06-19,39253744698,1717422,0bebcc5c-33f4-4b4f-bedd-bda136c38739,61371208371,1721302,reconstruido,true
2026-06-19,39265094964,1717423,a2b12441-1daf-4666-a918-2e5fa66dcad8,61356710938,1721303,reconstruido,true
2026-06-19,39275899969,1717424,39a6b1c5-f3b3-4121-99ca-2dbd0d1dd939,61369826635,1721304,reconstruido,true
2026-06-19,39283982080,1717426,f3b90435-3a9e-4cd5-859e-ab9724e8b530,61353650944,1721306,reconstruido,true
2026-06-19,39345641011,1717427,90daa010-f366-4b0a-badb-6fa944aaad72,61369359925,1721307,reconstruido,true
2026-06-19,39520353841,1717428,f626ab17-0e05-4533-8fb0-d9f478748dc6,61376776763,1721308,reconstruido,true
2026-06-19,39531091567,1717429,3ffc46ac-e77f-49d3-ae74-15bfcd2a0cdc,61354110585,1721309,reconstruido,true
2026-06-19,39658287515,1717430,8f4ba5c3-6550-43f8-acce-344f211aa145,61366126084,1721310,reconstruido,true
2026-06-19,39764846239,1717431,bd5829a4-c936-4c8d-83b7-c24822e49f97,61371668581,1721311,reconstruido,true
2026-06-19,39836968708,1717432,8db133ee-10e7-4327-aba5-2ce7ee705a1a,61361386123,1721312,reconstruido,true
2026-06-19,40242488463,1717433,8b68b976-c03d-43d1-a2eb-c3ef0f24bb2d,61374148529,1721313,reconstruido,true
2026-06-19,40244288142,1717434,f3e94425-fd9e-4f48-8728-5efbcbebaad8,61370428753,1721314,reconstruido,true
2026-06-19,40317463476,1717435,a1602907-8f97-4f9e-8992-372b6213229e,61356986142,1721315,reconstruido,true
2026-06-19,40496078243,1717436,4774dfaf-4d06-4833-8839-8ea94457838f,61354573999,1721316,reconstruido,true
2026-06-19,40680973642,1717437,5d66f7f7-83d4-46a8-a2d1-9dd11bea2e3f,61361868363,1721317,reconstruido,true
2026-06-19,40801066381,1717438,e61ec4c9-9e5e-4065-8dfc-35fad291425c,61375853579,1721318,reconstruido,true
2026-06-19,40839733256,1717439,e838e6c1-de1e-489e-b30a-e4d5bdfb7163,61354426247,1721319,reconstruido,true
2026-06-19,40899276422,1717441,91e9b606-9403-4164-8e3f-9ffd7d1964ed,61360766040,1721321,reconstruido,true
2026-06-19,40924150571,1717442,9c66e821-99e5-4423-9ea3-400836165704,61373371276,1721322,reconstruido,true
2026-06-19,40991976241,1717443,9cfdc153-33c9-407a-9447-a5a7c2e579e2,61353960735,1721323,reconstruido,true
2026-06-19,41124549918,1717444,b6f0de70-1f3e-4b2a-b576-66a4be16b327,61375853592,1721324,reconstruido,true
2026-06-19,41147975750,1717445,34fd309b-43fc-49ce-9177-8a00843907f5,61373683786,1721325,reconstruido,true
2026-06-19,41191434517,1717446,f49f05f5-55ce-48b0-bac0-c0c0bda3bde6,61356094794,1721326,reconstruido,true
2026-06-19,41442779827,1717447,392ab935-753d-4597-a4be-ac861664bbf1,61376317250,1721327,reconstruido,true
2026-06-19,41499080478,1717448,68b52847-232f-42cb-93d1-601b2ab8fdf2,61356554353,1721328,reconstruido,true
2026-06-19,41513193994,1717449,5a632589-6176-4d54-b823-0cec076f4719,61353340488,1721329,reconstruido,true
2026-06-19,41522818382,1717450,ed95eb35-6aa4-49b6-a928-7d0bfb5f4c12,61356094801,1721330,reconstruido,true
2026-06-19,41571340911,1717451,34515213-373c-4c18-b519-1676b2e86808,61370123802,1721331,reconstruido,true
2026-06-19,41572857683,1717452,7c419e1e-0b04-4944-b78a-98a44626c93f,61367813012,1721332,reconstruido,true
2026-06-19,41577951344,1717453,33b66049-4903-4b1d-bf81-a282f75259f9,61371358495,1721333,reconstruido,true
2026-06-19,41579339631,1717454,f50199dc-dce4-4140-ac97-4f338e96fd8b,61351322031,1721334,reconstruido,true
2026-06-19,42045802919,1717455,4d1736c8-3201-4386-97bf-7ee42acb2169,61358728799,1721335,reconstruido,true
2026-06-19,42180753191,1717456,71d326a7-f13a-4c65-bfbb-89e19a0d12f6,61354269252,1721336,reconstruido,true
2026-06-19,42372969493,1717458,4bd49a2b-dc2c-4200-bdbd-41ce969a6b40,61376159357,1721338,reconstruido,true
2026-06-19,42615100450,1717459,49a5991c-2929-4f87-922a-988bd41ef70d,61374460227,1721339,reconstruido,true
2026-06-19,42634616437,1717460,fac0cbb4-595c-4c9b-a02b-ceafef7ca207,61373996707,1721340,reconstruido,true
2026-06-19,42665300782,1717461,426b078c-6b22-412f-b7e7-6b8c42406860,61367039011,1721341,reconstruido,true
2026-06-19,42667396259,1717462,ed4eb6f6-1665-42d3-a1c9-b96298e5f717,61377089070,1721342,reconstruido,true
2026-06-19,42718419480,1717463,62d2919f-b0cd-4af9-8e83-847fb01da876,61366590991,1721343,reconstruido,true
2026-06-19,42745487650,1717464,b2af9bdd-e5e0-43e6-b845-3ba82b9f9e5a,61366888290,1721344,reconstruido,true
2026-06-19,42746967213,1717465,c963ea1e-a260-4e9b-a03b-f41aae831f26,61362029129,1721345,reconstruido,true
2026-06-19,42802456848,1717466,5f79a958-f742-4886-b521-db1d49c30b79,61372446491,1721346,reconstruido,true
2026-06-19,42821549880,1717467,405f300d-b784-4768-8b15-01a572e793b2,61375073644,1721347,reconstruido,true
2026-06-19,42927899707,1717468,37c4bcd6-0b3b-4940-96e9-496d63e93920,61358728888,1721348,reconstruido,true
2026-06-19,42961272604,1717469,4b76fc6b-125b-483a-bbe4-b27750939a3b,61364269827,1721349,reconstruido,true
2026-06-19,42976024881,1717470,0c48a4f8-803f-4edc-896a-91e762f4f314,61373215579,1721350,reconstruido,true
2026-06-19,43202399505,1717471,28ae65d2-9e4d-47b1-92b0-b77ccf76a805,61356554423,1721351,reconstruido,true
2026-06-19,43241119826,1717472,fd4d9783-027e-49f3-bab5-b3aa0c86eab1,61362645620,1721352,reconstruido,true
2026-06-19,43256525168,1717473,451e0766-cd31-4952-956c-4215d6a0ebff,61355940194,1721353,reconstruido,true
2026-06-19,43317766673,1717474,189a3f20-a51a-4619-aac0-67a99e462e35,61359683588,1721354,reconstruido,true
2026-06-19,43323250571,1717475,a5b03da3-9ee2-4729-bba6-4c3e0a3d7757,61368746673,1721355,reconstruido,true
2026-06-19,43377541201,1717476,eef86f37-a619-47ca-b737-3a4542b02f10,61364269865,1721356,reconstruido,true
2026-06-19,43381017718,1717477,6c073350-2602-4364-b7dd-427db81a7876,61360302910,1721357,reconstruido,true
2026-06-19,43463791672,1717478,f99382f8-2944-41d5-9c47-4c4e6229cdcf,61376622946,1721358,reconstruido,true
2026-06-19,43466792964,1717479,4a84cdd2-9009-4180-90e9-63b2918a7368,61369668654,1721359,reconstruido,true
2026-06-19,43504092781,1717480,9f660682-f85b-4317-8586-bc2eeb90576a,61365044622,1721360,reconstruido,true
2026-06-19,43505006667,1717481,dbf4c1ed-58f9-4c49-ba94-c92e5f0dd07f,61369668661,1721361,reconstruido,true
2026-06-19,43601102162,1717482,f48539b3-c09f-4e20-be74-f646cb95cc97,61365503560,1721362,reconstruido,true
2026-06-19,43634658372,1717483,e6ce99dd-bab5-44f4-b361-2367ee45a65f,61353493271,1721363,reconstruido,true
2026-06-19,43665002093,1717484,5fed1cca-c8e9-4262-91cc-c20b6ae31825,61361386558,1721364,reconstruido,true
2026-06-19,43902318615,1717485,7917797b-2d89-4e87-b3a3-e6ac83f6a070,61375693632,1721365,reconstruido,true
2026-06-19,43944849015,1717486,832076ba-c475-4ec7-9718-6005be17865a,61359683712,1721366,reconstruido,true
2026-06-19,44008905105,1717487,157592ce-09a5-44f9-a542-84d30599b099,61360611718,1721367,reconstruido,true
2026-06-19,44141184068,1717488,83bbfb0c-680e-4524-8635-ff90219d7c57,61376159651,1721368,reconstruido,true
2026-06-19,44431406723,1717489,4052172d-d921-401c-8137-95542e7e20f1,61361386566,1721369,reconstruido,true
2026-06-19,44685731764,1717490,d6ec3ab5-4312-4184-a194-7e956cb6d5db,61356095256,1721370,reconstruido,true
2026-06-19,45047178608,1717491,f88224e4-96d0-4fcf-a156-0a6674836ab1,61377242510,1721371,reconstruido,true
2026-06-19,45138690636,1717492,5b0b4672-19e5-4a98-8c0c-8f2ee40c9de8,61372756617,1721372,reconstruido,true
2026-06-19,45209974609,1717493,064442ac-d02c-4cfe-865d-746409c40e46,61366745607,1721373,reconstruido,true
2026-06-19,45233268610,1717494,49a755eb-118c-40b2-adb2-5c7c56b66efa,61354111046,1721374,reconstruido,true
2026-06-19,45336572554,1717495,45aefa99-8f86-4962-b889-ad30ad9c909e,61374608782,1721375,reconstruido,true
2026-06-19,45433338636,1717496,17caff09-08db-4a03-8503-fef9822ae0e8,61370429211,1721376,reconstruido,true
2026-06-19,45492630538,1717497,94e05a3d-961f-4832-a62d-d47fa4f5a6ab,61373371771,1721377,reconstruido,true
2026-06-19,45586009975,1717498,007bcf64-1d9e-4ac1-ba44-e0a1c9db1ac2,61369827359,1721378,reconstruido,true
2026-06-19,45589952783,1717499,91445a00-3eea-453f-8c3b-29de13461efe,61374767129,1721379,reconstruido,true
2026-06-19,45666784306,1717500,155a1d3d-7c7f-44f9-bb7f-0adc55311b2e,61374460973,1721380,reconstruido,true
2026-06-19,45717010046,1717501,3112c4f3-8061-44e9-8d63-68ae6726cf41,61375384730,1721381,reconstruido,true
2026-06-19,45763191329,1717502,d9d093ec-7830-48cf-93db-0696bf1efe8f,61361386783,1721382,reconstruido,true
2026-06-19,45811561333,1717503,5e6f0b8b-161c-48cd-b093-5aee0a56939c,61370429213,1721383,reconstruido,true
2026-06-19,45818917904,1717504,18705787-684d-4844-9972-c02faa32e343,61362489253,1721384,reconstruido,true
2026-06-19,45912872096,1717505,56417d09-7993-46db-a22c-52c88130b96c,61372906818,1721385,reconstruido,true
2026-06-19,45940105564,1717506,60bc997f-d356-4bf8-83de-ade8e3222dd0,61370588702,1721386,reconstruido,true
2026-06-19,45960709299,1717507,067f0be6-9f14-4f56-974e-107eae683827,61364270172,1721387,reconstruido,true
2026-06-19,45964950444,1717508,d95c95c3-fe8e-4d24-8a58-4c62daed78f5,61357921824,1721388,reconstruido,true
2026-06-19,46104186263,1717509,d4a12c7e-9866-4b3c-aa10-db071e399684,61358075420,1721389,reconstruido,true
2026-06-19,46304026198,1717510,45797e2f-479c-4503-95d9-a47eb0f9965f,61365972094,1721390,reconstruido,true
2026-06-19,46425983247,1717511,714bed92-e416-4789-88f0-b296e293fba0,61358075444,1721391,reconstruido,true
2026-06-19,46509007909,1717512,04743c02-b140-42dc-902a-37faaeb636d0,61359989302,1721392,reconstruido,true
2026-06-19,46634532180,1717513,b5334c56-11c5-4aa6-88c4-12deaa51c3ac,61377089585,1721393,reconstruido,true
2026-06-19,46646369713,1717514,232148fe-7812-4437-b7c6-741251afc218,61371209565,1721394,reconstruido,true
2026-06-19,46676521880,1717515,b18afb57-a80c-4173-9ec7-0cd2b2730848,61358414749,1721395,reconstruido,true
2026-06-19,46725049601,1717516,b20f3cb5-908b-4c3a-9168-4bbb5a828dd9,61356711476,1721396,reconstruido,true
2026-06-19,46738398472,1717517,0c297be7-d1af-44e6-ae40-5b4e9c5530af,61367967773,1721397,reconstruido,true
2026-06-19,47100403843,1717518,390eda92-9b7a-478e-8b58-1b15b987ab32,61358567519,1721398,reconstruido,true
2026-06-19,47118047790,1717519,a12b3974-889e-4104-a53a-19fa55b589b5,61370899298,1721399,reconstruido,true
2026-06-19,47120408689,1717520,0bf74c2b-3343-4062-bca3-ee75ca7afb79,61366745726,1721400,reconstruido,true
2026-06-19,47324806144,1717521,f6f21ef3-e752-4f21-aadd-cc89852c38b6,61377242735,1721401,reconstruido,true
2026-06-19,47888897184,1717523,c3b95bc9-7701-4ddd-8e35-49da7705fd88,61369827441,1721403,reconstruido,true
2026-06-19,48023165224,1717524,a6111fdd-196b-4258-b92e-7465cac50453,61359496803,1721404,reconstruido,true
2026-06-19,48073687335,1717525,c9feaf17-3337-4884-9483-278a6acc9a42,61367039416,1721405,reconstruido,true
2026-06-19,48140650274,1717526,f4853840-4ead-48b7-82f7-fc945a1c522a,61366591387,1721406,reconstruido,true
2026-06-19,48177856945,1717527,f8d919cc-9524-4fb1-bf3f-48ec0c607191,61370589110,1721407,reconstruido,true
2026-06-19,48440820323,1717528,a7a9d2e1-c941-4fe5-9f67-d5ebbde4792d,61371669551,1721408,reconstruido,true
2026-06-19,48478455695,1717529,c5e52755-11a0-4a9d-845f-f638fb43bf5d,61357922057,1721409,reconstruido,true
2026-06-19,48542332020,1717530,727d0cec-205a-4430-a7a2-1f7ac99c9e94,61362646119,1721410,reconstruido,true
2026-06-19,48817046609,1717531,c342b11e-7316-4855-8382-e4e2664f57bd,61370124372,1721411,reconstruido,true
2026-06-19,48819682823,1717532,0c2c9509-b759-43c7-81f6-e1631003e994,61367503645,1721412,reconstruido,true
2026-06-19,48855714094,1717533,f287a59d-a90c-4781-ba19-b7e88aa05a63,61371981361,1721413,reconstruido,true
2026-06-19,48866872495,1717534,cd940adc-162e-4148-beb6-90ffe5c0f30d,61370429483,1721414,reconstruido,true
2026-06-19,48885614751,1717535,e313fe17-c9da-4511-b9e7-2a2f23dbf36a,61366591545,1721415,reconstruido,true
2026-06-19,48890493249,1717536,a4db1c92-6322-4646-97c7-5800637eabfe,61364884633,1721416,reconstruido,true
2026-06-19,48990404262,1717537,4d521e83-6d3e-4163-b9a4-f6c5459fd70d,61370273399,1721417,reconstruido,true
2026-06-19,49073740135,1717538,46352415-a4a7-4da4-a7dc-2ed8c0c49d5b,61363575942,1721418,reconstruido,true
2026-06-19,49077781291,1717540,dfcb48d0-ba1d-486d-8e17-e2a75e82fb59,61359188802,1721420,reconstruido,true
2026-06-19,49175052814,1717541,64d0c88f-b11f-4a80-8843-b5d48e2b6c7b,61358729596,1721421,reconstruido,true
2026-06-19,49468482172,1717542,16c0841e-884c-4eac-9839-1000da628cae,61367503679,1721422,reconstruido,true
2026-06-19,49661536952,1717543,06d12d7a-eedd-41fc-8cb4-26086a6eba35,61374149415,1721423,reconstruido,true
2026-06-19,49925822836,1717544,30713b7a-98fe-40a4-a8f7-bcba60e51008,61358729608,1721424,reconstruido,true
2026-06-19,50157068359,1717545,43012014-1fc9-4c79-9170-0a71cd190c3b,61357144447,1721425,reconstruido,true
2026-06-19,50233154916,1717546,15f6c6ec-a5d3-4ab9-a6b0-230f1b747ccf,61353027746,1721426,reconstruido,true
2026-06-19,51305840279,1717547,ce4e783f-28d0-4e82-9a16-2ec36b803446,61353801279,1721427,reconstruido,true
2026-06-19,51328293468,1717548,2bc561b1-6105-49c4-8cee-6969e5c44281,61376160083,1721428,reconstruido,true
2026-06-19,51537966106,1717549,e19a23de-330d-476e-80ff-32301e355065,61364733843,1721429,reconstruido,true
2026-06-19,51632000519,1717550,74a7e38f-a37a-48e9-94d7-c85f00377d40,61351793687,1721430,reconstruido,true
2026-06-19,51680581253,1717551,3b60cdc9-024b-4d94-a6ed-b35820101c12,61367813980,1721431,reconstruido,true
2026-06-19,51958650757,1717552,66b77da9-85a4-4b34-b493-a344a1355e5d,61357144475,1721432,reconstruido,true
2026-06-19,51995556686,1717553,d38c8ca5-5687-43ca-b97b-9a6abfd4d8f0,61356555300,1721433,reconstruido,true
2026-06-19,52111496376,1717554,0dde65b0-589f-4c5f-b468-f88b5d599eb0,61371513494,1721434,reconstruido,true
2026-06-19,52374755665,1717555,a11a8301-313c-4982-a953-38f8cd84116a,61375854241,1721435,reconstruido,true
2026-06-19,52474894691,1717556,00aacd88-9f6f-40ec-9f7b-5d419c3b8059,61362799485,1721436,reconstruido,true
2026-06-19,52819233438,1717557,f4caef04-9ec7-4cdd-b5c1-879b9c0e666f,61356839466,1721437,reconstruido,true
2026-06-19,52848075119,1717558,04af8217-25dd-4436-ac60-f7627a1c8e0f,61370899610,1721438,reconstruido,true
2026-06-19,52855034379,1717559,df4bd077-9bc6-42f5-9eda-858bef2ed57e,61373530475,1721439,reconstruido,true
2026-06-19,53068740121,1717560,b674171a-3690-4e7a-b2c9-17a160105576,61376777728,1721440,reconstruido,true
2026-06-19,53177951379,1717561,6de6d367-4846-47ed-ae77-dc0dbf8d6b65,61373997683,1721441,reconstruido,true
2026-06-19,53179052572,1717562,9fba8aee-65fe-4131-9457-3bde680a9d0f,61377089899,1721442,reconstruido,true
2026-06-19,53255088247,1717563,e354caa7-d566-4bd7-8234-dd69b72d1db6,61369980199,1721443,reconstruido,true
2026-06-19,53288537772,1717564,3f415b64-88e0-458a-8e0d-71ea2613d1fe,61373530658,1721444,reconstruido,true
2026-06-19,53361363847,1717565,6119d03a-7a8d-4079-addd-b6b2684d5966,61363262291,1721445,reconstruido,true
2026-06-19,53392480781,1717566,b0d3369a-c94f-411f-8913-0f6982a7bc4e,61376160287,1721446,reconstruido,true
2026-06-19,53403962218,1717567,1c296055-14c1-4758-8be8-9eaf1ec8e4da,61368123203,1721447,reconstruido,true
2026-06-19,53414593313,1717569,5c6df917-bd42-472f-af6e-300fdf7d1519,61369515629,1721449,reconstruido,true
2026-06-19,53465628539,1717570,d9952cf8-1d30-4ce8-b84a-4dd141797743,61360151604,1721450,reconstruido,true
2026-06-19,53515599441,1717571,e0cb9005-2642-4964-837a-4b2260b893ca,61360303799,1721451,reconstruido,true
2026-06-19,53574735398,1717572,dc34a676-70d8-443e-9854-31cdcc006ed0,61368432994,1721452,reconstruido,true
2026-06-19,53769666211,1717573,732505aa-1e89-421a-b5fb-4f7cc871e3e2,61363731469,1721453,reconstruido,true
2026-06-19,53843188913,1717574,570ee39f-2c8d-417f-9a8f-33aeaff7e37f,61363417602,1721454,reconstruido,true
2026-06-19,53865192603,1717575,452d1b92-1d10-4b71-801f-7a8da9f90c9f,61360303876,1721455,reconstruido,true
2026-06-19,54024744848,1717577,a89ed9c6-0f04-4e33-b32f-553cd9d85c21,61370899864,1721457,reconstruido,true
2026-06-19,54102841741,1717578,aa5ab6b5-6d34-4d45-8578-c8f499c6f83f,61366592089,1721458,reconstruido,true
2026-06-19,54105363714,1717579,b3a97a4b-fdb8-4aeb-ae79-1ecc6b51ea4d,61351794091,1721459,reconstruido,true
2026-06-19,54125745168,1717580,51409979-c2f4-4e22-b75f-1f5035cbab1e,61359684659,1721460,reconstruido,true
2026-06-19,54148147340,1717581,ce900ead-14df-4bf3-aa24-c971e8799fd4,61367968286,1721461,reconstruido,true
2026-06-19,54272275587,1717582,4c354d23-6da2-422c-a0ce-d9862226ed15,61371669913,1721462,reconstruido,true
2026-06-19,54307741101,1717584,4c677ed1-8d62-4fb9-b854-412fefbb693c,61369055769,1721464,reconstruido,true
2026-06-19,54326488446,1717585,1432d81d-52e7-4cf1-becb-4d5a7cf830b8,61361849741,1721465,reconstruido,true
2026-06-19,54363965039,1717586,a816024f-f446-42d0-9d7d-0dad047fa540,61364271167,1721466,reconstruido,true
2026-06-19,54480953676,1717587,ac42db93-64b4-4e4d-abea-94e927812aa1,61365045896,1721467,reconstruido,true
2026-06-19,54531298714,1717588,3c54cf4e-7540-4fd6-8247-5d5504ed1bab,61368587565,1721468,reconstruido,true
2026-06-19,54552750697,1717589,3678dcd3-3f39-4463-bf91-bf5d6c7cb329,61371054183,1721469,reconstruido,true
2026-06-19,54836385569,1717590,6887faf7-973c-4423-83d9-0b244bb3cd21,61353652631,1721470,reconstruido,true
2026-06-19,54970053763,1717591,a7b9eb01-de37-4013-b4cc-d823cee74981,61361539241,1721471,reconstruido,true
2026-06-19,54980856860,1717592,80685130-16ef-41f6-b273-411978ab7005,61363417692,1721472,reconstruido,true
2026-06-19,55212088503,1717593,7ff8ba14-5ac9-414c-9fea-8d41edbaae95,61360454410,1721473,reconstruido,true
2026-06-19,55216987510,1717594,bbe441b8-7839-47e1-b204-e8d8ba71ad75,61366592383,1721474,reconstruido,true
2026-06-19,,1717595,655409a3-b406-4518-bd6e-0a758234c919,61353652800,1721475,reconstruido,true
2026-06-19,55397325482,1717596,6f03a79e-c0da-4a34-bb51-e444e2f147d7,61351015442,1721476,reconstruido,true
2026-06-19,55499933959,1717597,aa154614-ced8-4603-b6e8-19c9a0a79b05,61351638889,1721477,reconstruido,true
2026-06-19,55644308332,1717598,05e0f398-c146-46ad-a777-04ffd6c8b3d9,61356840348,1721478,reconstruido,true
2026-06-19,55684164172,1717599,58f2d5f2-705c-421d-9c2e-11557b7835f9,61355041281,1721479,reconstruido,true
2026-06-19,55684201282,1717600,9c802bef-a670-4343-99c2-6446d4f465a7,61374461831,1721480,reconstruido,true
2026-06-19,55693096859,1717601,e09e5f9b-5793-4142-8a1e-d45ac7228124,61374609717,1721481,reconstruido,true
2026-06-19,55730340683,1717602,f563c667-eb85-4e8e-956e-14580b548948,61366746473,1721482,reconstruido,true
2026-06-19,56012842573,1717603,a5a0a8df-05b1-4072-b0c5-de7106bc2843,61365046155,1721483,reconstruido,true
2026-06-19,56018669151,1717604,380cbaef-3d60-4a3f-8a89-25622010c131,61376319047,1721484,reconstruido,true
2026-06-19,56042061329,1717605,97c8da70-ae80-4dbd-8700-48e7aee5aac8,61362030452,1721485,reconstruido,true
2026-06-19,56147381901,1717606,5bf51db9-59a8-4432-a3db-5971beca1dce,61365196370,1721486,reconstruido,true
2026-06-19,56291798688,1717607,93490337-e1a1-49ab-97d4-c87785b71945,61372288514,1721487,reconstruido,true
2026-06-19,56849075848,1717608,d932389e-90af-4bec-a272-387d581be3b3,61357453142,1721488,reconstruido,true
2026-06-19,56907847817,1717609,1235bada-1afe-4221-af1b-adca62b14d3f,61369208625,1721489,reconstruido,true
2026-06-19,56934169005,1717610,c3853a5b-5ad3-4676-8a09-0a524b0ef153,61375541060,1721490,reconstruido,true
2026-06-19,56952100691,1717611,374b90e4-4fe0-4b99-b334-4d29b5155c8f,61365504564,1721491,reconstruido,true
2026-06-19,57045745681,1717612,c3ca9e31-8fe7-445e-a5f1-5ed63336e201,61357767437,1721492,reconstruido,true
2026-06-19,57156629916,1717613,5f8404c8-d969-4b5f-a064-3b25ecc86761,61354271051,1721493,reconstruido,true
2026-06-19,57237279080,1717614,443d1599-d447-44ec-9795-93400db9ab2e,61351170949,1721494,reconstruido,true
2026-06-19,57257761607,1717615,2848a86e-f34d-47f3-84a7-cc23022b5f75,61359684898,1721495,reconstruido,true
2026-06-19,57415227927,1717616,b7ef3a56-76e1-43d2-a580-1062758a45ba,61353652886,1721496,reconstruido,true
2026-06-19,57527535921,1717617,1fb06406-0da8-4211-a890-f5fd69724cd5,61366592655,1721497,reconstruido,true
2026-06-19,57621815425,1717618,9c5657c9-e011-4f06-a9be-842a93a88ec1,61351323438,1721498,reconstruido,true
2026-06-19,57787123088,1717619,7ebe1752-b3ec-4b08-baca-499ad3686f3e,61363262765,1721499,reconstruido,true
2026-06-19,57823585816,1717620,86e1dc6e-7715-4e6f-9c9d-14e3acc79a98,61375855168,1721500,reconstruido,true
2026-06-19,57843760682,1717621,ef23b865-f2df-4d35-8d28-e1b29a2c66c6,61362800273,1721501,reconstruido,true
2026-06-19,57981311338,1717622,5a2201e8-08a5-4a60-8e68-ef8c8d3c8a10,61376005186,1721502,reconstruido,true
2026-06-19,58006619911,1717623,01e76309-cefa-4a3c-8dea-7ec39c893302,61369056259,1721503,reconstruido,true
2026-06-19,58056571806,1717624,9a676b1a-22ea-48e5-bfa3-05af735075ed,61356246617,1721504,reconstruido,true
2026-06-19,58062433906,1717625,0ae01728-a981-4ad1-8bed-de0c9b5d270c,61366889988,1721505,reconstruido,true
2026-06-19,,1717840,3f1a981e-84da-45ba-a0ac-1cc093f5f71e,61380493622,1721720,reconstruido,true
2026-06-19,8911534358,1717845,38af2e67-abcd-481d-aaa2-a7649cec75fd,61404090129,1721725,reconstruido,true
2026-06-19,9213152062,1717848,b1edc3c7-e5c3-414b-b660-28f9f08d7419,61383899309,1721728,reconstruido,true
2026-06-19,10607121327,1717849,58dac7a6-9e54-4f81-884b-13068c1b8710,61398455857,1721729,reconstruido,true
2026-06-19,10830544207,1717850,1e0bfb5b-1118-45bf-a671-2447111bc982,61397994080,1721730,reconstruido,true
2026-06-19,,1717851,364d2e33-2608-4661-a26e-1ae358ca1dcc,61394619475,1721731,reconstruido,true
2026-06-19,11288068740,1717852,951fd720-1443-4362-a26b-2326c22456db,61399696727,1721732,reconstruido,true
2026-06-19,,1717853,61fd380a-a681-4f22-9722-06e25bbfa4d0,61381885517,1721733,reconstruido,true
2026-06-19,11704868509,1717854,246707e2-e41b-4cb0-9a16-100d887bba97,61401003189,1721734,reconstruido,true
2026-06-19,11838819651,1717855,ea7edf50-6cf0-498e-a3ba-236420c482f5,61388908064,1721735,reconstruido,true
2026-06-19,,1717856,3ce17e8c-cbaf-4568-9b3f-3fbfc117f478,61382505040,1721736,reconstruido,true
2026-06-19,12345786189,1717857,098b32eb-e444-4c95-b587-b8b29400be21,61387516012,1721737,reconstruido,true
2026-06-19,15070905919,1717858,319a4cfb-a6ff-4672-86a1-2850de3583fe,61397062406,1721738,reconstruido,true
2026-06-19,15456843146,1717859,8e3d36e4-e740-4f5d-bf0c-6b2be2961aa8,61383743574,1721739,reconstruido,true
2026-06-19,16029731391,1717860,76d38e29-0a02-4abd-84ec-5d3145b6d84c,61384263241,1721740,reconstruido,true
2026-06-19,17720206489,1717861,4a8eb98a-e482-4332-a4c5-c06b88256541,61387516018,1721741,reconstruido,true
2026-06-19,19783110277,1717862,3e2932d2-f07a-4142-8a79-0ea4db41fbc1,61394464262,1721742,reconstruido,true
2026-06-19,21176767096,1717863,b21b1f2b-9ebe-43f6-b321-c92393ae9332,61402398616,1721743,reconstruido,true
2026-06-19,21838440274,1717864,fe008f66-8401-436d-9439-a0e967e32273,61396909459,1721744,reconstruido,true
2026-06-19,21904107598,1717865,28e4f174-3a6e-45b4-8564-36f4bcb399b8,61379410733,1721745,reconstruido,true
2026-06-19,23224189806,1717866,6be29610-3096-4912-8936-a7516d72429e,61396444190,1721746,reconstruido,true
2026-06-19,23319666047,1717867,40b360bb-ce5e-490d-bcaa-ff7728a93c56,61394000004,1721747,reconstruido,true
2026-06-19,34516156593,1717868,59513b57-6a8e-4a84-9e83-f18147dfb194,61385810963,1721748,reconstruido,true
2026-06-19,34745664074,1717869,e74a1e89-1695-47e3-ac98-c48725c29c3b,61398302887,1721749,reconstruido,true
2026-06-19,34755803285,1717870,5636126b-9c12-4c2f-8313-f5cfd1391c7a,61386431351,1721750,reconstruido,true
2026-06-19,35406145674,1717871,1dfa3b30-91bf-4372-a204-cedcc193adc3,61377704078,1721751,reconstruido,true
2026-06-19,35467030454,1717872,fe6a6302-583a-41b5-86df-124138671d9c,61382505224,1721752,reconstruido,true
2026-06-19,35549067434,1717873,81678286-4acb-434f-88fd-3ba76bd10eb7,61388441188,1721753,reconstruido,true
2026-06-19,35768209487,1717874,91cee350-828e-472b-9433-1a80cefec792,61394464269,1721754,reconstruido,true
2026-06-19,36051257110,1717876,c2ad0214-7081-4c0c-81cb-dda6621886a3,61403016286,1721756,reconstruido,true
2026-06-19,36431284576,1717877,d27edae7-0ce6-4d96-b187-58d0bd135b72,61393073316,1721757,reconstruido,true
2026-06-19,36602311243,1717878,a381816e-99c9-4015-b973-a4bbf899b5ad,61392299413,1721758,reconstruido,true
2026-06-19,37760642380,1717879,6c913b66-3393-49c3-b4a9-ba1e239f08d1,61389991516,1721759,reconstruido,true
2026-06-19,37865130820,1717880,f9521c1a-0534-4f5a-a84c-2e22947714cf,61380494340,1721760,reconstruido,true
2026-06-19,38098108968,1717881,d007af92-3c2f-400f-9f8f-4b9e853d64a4,61385035362,1721761,reconstruido,true
2026-06-19,38371119694,1717882,3784e71b-05ad-4c91-b2a3-030c468cd07c,61404245801,1721762,reconstruido,true
2026-06-19,39538495089,1717883,1c43b57e-ee34-4aad-8461-f5575b788afc,61395394198,1721763,reconstruido,true
2026-06-19,39541854474,1717884,6f8ff2c0-866f-489d-ad91-997b1f51b1c3,61381267845,1721764,reconstruido,true
2026-06-19,40237189541,1717885,dbc08d25-5dd9-4cc7-bc5b-ef76ef3b6b1f,61392917550,1721765,reconstruido,true
2026-06-19,40238721442,1717886,d249c955-e5f4-420f-b199-e540d82de553,61387824280,1721766,reconstruido,true
2026-06-19,40292255832,1717887,4c4ce395-abd9-4053-ae25-709ac5bc9104,61377551426,1721767,reconstruido,true
2026-06-19,40356519549,1717888,01e1038a-af97-4acd-aebf-e8f0452f8d2c,61401314940,1721768,reconstruido,true
2026-06-19,40398316328,1717889,01e3de20-5f56-42fa-957b-2514b8ee3016,61389370768,1721769,reconstruido,true
2026-06-19,40473142839,1717890,1df4e034-d7de-403b-a809-48ff002a64c0,61403169907,1721770,reconstruido,true
2026-06-19,40514079282,1717891,c194c75f-9163-4328-b551-eafa0ffd5952,61381732705,1721771,reconstruido,true
2026-06-19,40537152615,1717892,c6a4864e-edbb-479c-9326-463e7a44e7c3,61384263491,1721772,reconstruido,true
2026-06-19,40627746567,1717893,718ab0b2-7368-45fd-a8f0-528d43bd18fe,61401155644,1721773,reconstruido,true
2026-06-19,40876985973,1717894,ff2828ed-5bef-43e3-ad76-2d7efd66b283,61379098159,1721774,reconstruido,true
2026-06-19,41146186895,1717895,62d6c8b9-eede-4ef8-8372-8d704459c03f,61394619524,1721775,reconstruido,true
2026-06-19,41355416853,1717896,3a7d8a6d-237a-4a71-83ea-8eaf8fc4b576,61391834294,1721776,reconstruido,true
2026-06-19,41442598190,1717897,3ac7c5ef-4145-4082-a84c-40bf234473b1,61383743660,1721777,reconstruido,true
2026-06-19,41584545438,1717899,9ebaad79-5034-4fe0-81de-41ed5d0413c5,61380803437,1721779,reconstruido,true
2026-06-19,41892474378,1717900,44d7832e-7f8e-4b45-89d4-5d3b67d27712,61385967173,1721780,reconstruido,true
2026-06-19,42265356568,1717901,e3984393-947c-43ad-be61-3dc0ae5b6479,61389061386,1721781,reconstruido,true
2026-06-19,42282846131,1717903,cb6cb4b8-a5e1-452d-80ea-c99f2b86e52f,61400003954,1721783,reconstruido,true
2026-06-19,42750018711,1717904,5a373481-7604-48a5-8ebf-6ac52b46ed6b,61395241553,1721784,reconstruido,true
2026-06-19,42834276869,1717905,b1c23f1e-341a-45c3-b9b0-33fa49731a86,61378480298,1721785,reconstruido,true
2026-06-19,42979052182,1717906,d1e362e5-7f65-4f61-b8c2-f497f9acd706,61383124311,1721786,reconstruido,true
2026-06-19,42987588937,1717907,62f560e8-2da2-4358-9188-52d377481123,61403781445,1721787,reconstruido,true
2026-06-19,43291604231,1717908,b517c2d9-47fc-492d-89ff-89addf393e00,61404399957,1721788,reconstruido,true
2026-06-19,43336649131,1717909,8478571c-27be-4ff0-a68f-e1b69eb8f03c,61403781450,1721789,reconstruido,true
2026-06-19,43367407907,1717910,394b3fcb-6285-44d4-a396-ad9d5eccfe73,61379717509,1721790,reconstruido,true
2026-06-19,43392874501,1717911,2e4df021-fd71-4bb0-99ce-fbb5c19d33e6,61393689774,1721791,reconstruido,true
2026-06-19,43502286006,1717912,2abe27ab-acaa-427e-8170-b24a0e5fca5d,61399232136,1721792,reconstruido,true
2026-06-19,43503621182,1717913,365bb6a3-bf58-43be-b653-661b43895f41,61404399966,1721793,reconstruido,true
2026-06-19,43578872143,1717914,a343a567-74a5-4422-a19b-56b6bbbe976c,61403937160,1721794,reconstruido,true
2026-06-19,43708278711,1717916,4b919955-2260-4742-ac3d-a720e9b4cc07,61384881331,1721796,reconstruido,true
2026-06-19,43773652231,1717917,a9ef199b-b512-4bfe-b2f7-dd62dac58d58,61383433549,1721797,reconstruido,true
2026-06-19,43868998543,1717918,29daacd6-0e46-4c45-b229-7b5a440ec55d,61379717514,1721798,reconstruido,true
2026-06-19,43918975056,1717919,86776c55-5542-4645-982b-2e021031af45,61388908165,1721799,reconstruido,true
2026-06-19,44026729619,1717920,879dfb69-f128-4068-9670-35a1aede93a2,61393380896,1721800,reconstruido,true
2026-06-19,44064821298,1717921,39925de2-2638-4092-a0b8-cc3b7356110c,61394619541,1721801,reconstruido,true
2026-06-19,44071454794,1717922,e491ff31-51e9-40fa-87b4-a6e3f6257cc3,61402705544,1721802,reconstruido,true
2026-06-19,44142752875,1717923,cbd546f6-e5c0-483f-87a7-8d6eeeac81ad,61401314968,1721803,reconstruido,true
2026-06-19,44278082076,1717924,8397d768-3ae3-49d3-80c1-87b31b4f7c20,61389370786,1721804,reconstruido,true
2026-06-19,44397633581,1717925,bba340a2-0f6e-451b-b516-e45c0633c41e,61377704238,1721805,reconstruido,true
2026-06-19,44536887076,1717927,4d2bd202-2aff-4afd-ae54-d65c009fa595,61391678127,1721807,reconstruido,true
2026-06-19,44727387061,1717928,809d4b31-56cc-4ddc-829b-9bbd059ba02c,61381885614,1721808,reconstruido,true
2026-06-19,45047171980,1717929,44a63853-e859-405d-ae06-c63ab138b0b0,61379717524,1721809,reconstruido,true
2026-06-19,45359806255,1717930,557baf63-521f-4e1c-bf36-cb3960cf39b5,61394154150,1721810,reconstruido,true
2026-06-19,45372266424,1717931,40357d1e-0376-481c-89e7-284137549f15,61402398777,1721811,reconstruido,true
2026-06-19,45404359168,1717932,e7c9d306-550d-46f6-aa32-423cee7785c2,61395084155,1721812,reconstruido,true
2026-06-19,45469800025,1717933,47d6fa3b-ac0d-481c-9b77-d9e54655a365,61379563902,1721813,reconstruido,true
2026-06-19,45553862656,1717934,dee76a87-fadb-47bd-8f31-0e1b46929065,61402861990,1721814,reconstruido,true
2026-06-19,45587794359,1717936,7b871b05-4691-4788-a194-98a0d70556b7,61397529750,1721816,reconstruido,true
2026-06-19,45816976045,1717937,a11b2531-115d-4adf-b1f9-8a0374f8193b,61388751273,1721817,reconstruido,true
2026-06-19,46411397736,1717938,5bdc942d-81a3-4bc5-af53-4540bfb6bd55,61382350943,1721818,reconstruido,true
2026-06-19,46644752558,1717939,9a987370-c54e-4b3b-ae65-e4269ec0f996,61387667234,1721819,reconstruido,true
2026-06-19,46775944268,1717940,f538fcf9-34b9-4551-b5ca-a0f3252a9e5d,61395668818,1721820,reconstruido,true
2026-06-19,48178901157,1717941,4f9746d2-7cf2-40df-9856-9ac38dfbbc30,61380494405,1721821,reconstruido,true
2026-06-19,48184669840,1717942,876faac4-b5c0-4ab1-a415-1ced3dd35c39,61377551484,1721822,reconstruido,true
2026-06-19,48302456977,1717943,6ef900f2-3a9d-4e2b-9c73-74b102f93eee,61377704298,1721823,reconstruido,true
2026-06-19,49541000517,1717944,e1740692-bc8d-4386-bb86-37868f4681cc,61403016354,1721824,reconstruido,true
2026-06-19,49651537430,1717946,603f79d9-6c04-4bc7-a8f7-e10365a9c9b3,61389061436,1721826,reconstruido,true
2026-06-19,49723023007,1717947,076ed1c8-c6f4-4f8d-8d24-543e56bf44fd,61389991688,1721827,reconstruido,true
2026-06-19,49835503777,1717948,52a5edde-e082-4b7f-89ad-4122858bcb86,61397837847,1721828,reconstruido,true
2026-06-19,50462729285,1717949,9b0ab66c-b7b3-43ba-97a5-51d955e94dcf,61388908295,1721829,reconstruido,true
2026-06-19,50462755162,1717950,caeacaa8-380c-448d-bd4e-1f5ecb417353,61383433599,1721830,reconstruido,true
2026-06-19,50514795905,1717951,383e6d4c-ccfb-47f1-ad64-1bdaed88bcb9,61389836096,1721831,reconstruido,true
2026-06-19,50558010371,1717952,fefb78d8-a867-46d2-b0b7-4978fdfe030d,61378943637,1721832,reconstruido,true
2026-06-19,50885975203,1717953,eff09859-29e9-4e3f-9d4c-28e044f81392,61391678222,1721833,reconstruido,true
2026-06-19,51166194270,1717955,e9d07847-8d6c-4a6c-8246-ff87dece69bd,61389681424,1721835,reconstruido,true
2026-06-19,51354576560,1717956,2177b76e-69e9-4cce-a5f0-64ca3b46284a,61397219150,1721836,reconstruido,true
2026-06-19,51813862200,1717957,c1e004a8-856f-47f4-ae12-7997dcae945a,61383124631,1721837,reconstruido,true
2026-06-19,52035055409,1717958,a1aad194-6862-45ec-a756-e5a34ea6f6b0,61404400019,1721838,reconstruido,true
2026-06-19,52040764062,1717959,c3188620-883d-49ec-a6ca-91bf148a81b1,61389218224,1721839,reconstruido,true
2026-06-19,52325511272,1717960,cf03a5a4-64ed-4042-ae96-9964ed398c9b,61384881435,1721840,reconstruido,true
2026-06-19,52918012056,1717961,0dedef7e-c121-4fb2-8a74-48837bfded68,61387975698,1721841,reconstruido,true
2026-06-19,53030936424,1717962,1329c067-49e3-4482-b8bf-33cc12ffa0ab,61380340070,1721842,reconstruido,true
2026-06-19,53071849082,1717963,b0d3af7e-aee6-4420-9634-86ee23d7d344,61387824490,1721843,reconstruido,true
2026-06-19,53122398520,1717964,9a68c624-0aef-43b6-b86e-10d65c23b5c5,61388908421,1721844,reconstruido,true
2026-06-19,53172929940,1717965,6119526d-a481-4eb8-b24a-570fa5519276,61383124638,1721845,reconstruido,true
2026-06-19,53290825245,1717966,44445c82-7ac0-46a1-a717-79dd305839a5,61394311586,1721846,reconstruido,true
2026-06-19,53686991651,1717967,e7ad8e89-ad0c-402e-a9ef-414da455a1fe,61384052744,1721847,reconstruido,true
2026-06-19,53716634036,1717968,0d6b68d9-3394-42fa-a46e-4523c881d1c5,61395668871,1721848,reconstruido,true
2026-06-19,53833180227,1717969,c33430d1-5bc5-4417-b92f-59dd68be4a68,61384052766,1721849,reconstruido,true
2026-06-19,53865192603,1717970,28c6c476-8272-488c-b7b6-d7d47dce2c0d,61390300314,1721850,reconstruido,true
2026-06-19,53873409106,1717971,9d471ad0-48d4-405f-9a75-fc019aaa4016,61404090464,1721851,reconstruido,true
2026-06-19,53880773900,1717972,beb7ce7f-889c-4cd0-93f6-f34a541411e6,61388132613,1721852,reconstruido,true
2026-06-19,53893153056,1717973,24a267a8-d854-4ac5-8152-1bd0fddae1cd,61390902803,1721853,reconstruido,true
2026-06-19,54130623502,1717974,7e02bfcc-a85a-49c3-a021-7e4f5b8c7392,61382815671,1721854,reconstruido,true
2026-06-19,54213387924,1717975,f355a1e3-55c2-4526-8ca7-ef09df923fd6,61382970485,1721855,reconstruido,true
2026-06-19,54287592962,1717976,3322ff3b-3c8f-4f29-bbab-23c0945eb9d7,61402243586,1721856,reconstruido,true
2026-06-19,54363965039,1717977,5dfb052b-fa66-4f02-bfa8-1d5a8d7b92cd,61385035527,1721857,reconstruido,true
2026-06-19,54799762243,1717978,f6171116-c6ad-4a52-af2c-12f5aa1dcece,61389218315,1721858,reconstruido,true
2026-06-19,54836518024,1717979,83febb0c-12b5-4352-8be3-6b90ff0b383f,61388751411,1721859,reconstruido,true
2026-06-19,54934413146,1717980,878df9ef-3a3e-478d-855a-9308bc773cd2,61379098396,1721860,reconstruido,true
2026-06-19,54983801975,1717982,2a0378ba-3a5c-4de0-b3ad-bb30c88ad347,61393844253,1721862,reconstruido,true
2026-06-19,55359968037,1717983,3ee0d061-0c30-4546-bdca-3b691963d00a,61392607299,1721863,reconstruido,true
2026-06-19,55715216462,1717984,7c88b37d-c218-4db1-a191-d0f57bb39197,61383589017,1721864,reconstruido,true
2026-06-19,55727301423,1717985,c6043092-4bf8-42f6-9b53-2edb8723bc1d,61378016065,1721865,reconstruido,true
2026-06-19,56112369268,1717986,2299ce50-0cfc-4975-922a-04aa46fb638a,61377859981,1721866,reconstruido,true
2026-06-19,56252010264,1717987,e87c5364-c864-4223-ae13-a4f3275137d0,61397062779,1721867,reconstruido,true
2026-06-19,56256494676,1717988,23c03389-27b0-42e3-b077-3ee2ce6a7c68,61397219204,1721868,reconstruido,true
2026-06-19,56434605737,1717989,2f8deb71-7e06-46c6-8a2b-3c88939fea19,61385655079,1721869,reconstruido,true
2026-06-19,56485058915,1717990,7b3fc92f-7885-447e-8bc4-aa95c7ddb788,61389061494,1721870,reconstruido,true
2026-06-19,56543320461,1717991,f120b3b5-8f4d-4ab1-9fe0-6224a4e6fb3b,61392760872,1721871,reconstruido,true
2026-06-19,56779372590,1717992,668ef9bd-b6b6-4224-97c0-45aadcd45482,61392760873,1721872,reconstruido,true
2026-06-19,56936552234,1717993,2b8d7483-df0a-4727-b684-72b236405e13,61395394452,1721873,reconstruido,true
2026-06-19,56946323776,1717994,51adf9bd-ca7e-4520-b112-2982859c1ff4,61393380961,1721874,reconstruido,true
2026-06-19,57017494133,1717995,23bb8f07-3692-4338-a8f5-2dc3d00a2159,61382970517,1721875,reconstruido,true
2026-06-19,57050183287,1717996,0f580a89-55cc-4c4b-a8a6-bf5b9266b389,61377859988,1721876,reconstruido,true
2026-06-19,57139729176,1717997,b0ecc90d-28ce-40e0-8ade-30b5b8f8d2f0,61396753739,1721877,reconstruido,true
2026-06-19,57142580628,1717998,0d974324-16b9-4dfc-8ae0-bee682f1b258,61379564052,1721878,reconstruido,true
2026-06-19,57209326374,1717999,689b483e-f4da-4738-8033-4047b5bce8f1,61378480549,1721879,reconstruido,true
2026-06-19,57298004004,1718000,88521970-25ec-49ea-97cb-fd67c68e533a,61388441432,1721880,reconstruido,true
2026-06-19,57313513993,1718001,f1c4dc67-5a6a-4c88-8129-19005ebb546e,61382660871,1721881,reconstruido,true
2026-06-19,57313872722,1718002,f12cb14b-ee66-4061-bc30-565d2148984a,61390902862,1721882,reconstruido,true
2026-06-19,57315823016,1718003,e7e9c547-a45e-4894-98af-8b4780e33d3a,61381886007,1721883,reconstruido,true
2026-06-19,57588469384,1718004,b19e01fa-ea2b-44ed-8d21-671ed02038a3,61383124775,1721884,reconstruido,true
2026-06-19,57977071467,1718005,89d24739-52fe-4cfa-a9cb-da015aaef9aa,61385967426,1721885,reconstruido,true
2026-06-19,58068482145,1718007,859b7296-8a5d-4106-a0a4-53175e545707,61399076459,1721887,reconstruido,true
2026-06-19,58070865187,1718008,37ae0843-9234-446e-8b05-36f0ce3d8bcc,61380340247,1721888,reconstruido,true
2026-06-22 19:30:00,55278076313,1719592,39453d84-2198-491a-add9-4d797210787d,null,,200,true
2026-06-22 18:27:09,34034148877,1719594,d79d55fe-1341-4de8-89c7-704d4986638c,,1723474,200,True
2026-06-22 18:27:11,8908453146,1719595,4e8e7a56-74c1-48ec-a253-8cccf5828084,,1723475,200,True
2026-06-22 18:27:13,35302961582,1719596,7675c37c-212a-4c21-8165-3e7ccb077fec,,1723476,200,True
2026-06-22 18:27:15,21226031529,1719597,c441aa07-431e-4d05-a87c-60f3c591909c,,1723477,200,True
2026-06-22 18:27:17,35881880968,1719598,fd353c3b-6207-417e-84e8-35e3091091f5,,1723478,200,True
2026-06-22 18:27:16,52596307794,1719599,5313752a-dfb2-486b-b2e7-d3c874ba2342,,1723479,200,True
2026-06-22 18:27:18,36583947325,1719600,98360588-3aba-4d3a-99a9-4a5182ce8ea6,,1723480,200,True
2026-06-22 18:27:20,37893558790,1719601,a257eb3f-4593-4362-8bec-279f857acbbf,,1723481,200,True
2026-06-22 18:27:22,12376376897,1719602,f2157e48-13d7-410f-8535-f2badba1eceb,,1723482,200,True
2026-06-22 18:27:24,11265942175,1719603,45cfb8c3-6b59-4376-ba07-25d26f854fdb,,1723483,200,True
2026-06-22 18:27:26,11620643099,1719604,c7305280-2fc5-4cda-ad85-f3a257fcfd25,,1723484,200,True
2026-06-22 18:27:28,13799212118,1719605,9457fb33-0b4c-47a8-aed1-822133c4f69c,,1723485,200,True
2026-06-22 18:27:30,14214184204,1719606,40ebf616-2a05-4cfb-8b74-319a7047b017,,1723486,200,True
2026-06-22 18:27:32,12021700112,1719607,be6c080e-3f17-45b8-8244-c119fbc6e131,,1723487,200,True
